name,time,Adolescent fertility rate ,Agriculture_value added (% of GDP),Births attended by skilled health staff,CO2 emissions (metric tons per capita),Contraceptive prevalence_ any methods,DJIA,Electric power consumption (kWh per capita),Energy use ,Exports of goods and services (% of GDP),Fertility rate_total ,Forest area,GDP growth (annual %),GDP per capita (current US$),GNI per capita_Atlas method,GNI per capita_PPP,Gross capital formation (% of GDP),High-technology exports (% of manufactured exports),Immunization_measles ,Imports of goods and services (% of GDP),Improved sanitation facilities,Improved water source ,Industry_value added (% of GDP),Inflation_GDP deflator (annual %),Inflation_consumer prices (annual %),Life expectancy at birth_total,Market capitalization of listed domestic companies (% of GDP),Merchandise trade (% of GDP),Military expenditure (% of GDP),Mobile cellular subscriptions (per 100 people),Mortality rate_under-5 ,NASDAQ,Net barter terms of trade index (2000 = 100),Net migration,Number,Population,Population growth,Prevalence of underweight_weight for age,Revenue_excluding grants (% of GDP),Rusell1000,Russell1000,SP500,School enrollment_primary and secondary,School enrollment_secondary ,Services_value added (% of GDP),Surface area,Water productivity_total,happiness,internet_usage,nkill,nkillus,normalized
socialweather,-725932800000000000,,,,,,,,,,,,,,,,,,,,,,,,,,,,,,,,,,,,,,,,,,,,,,,76.3257,,,,yes
socialweather,-694396800000000000,,,,,,,,,,,,,,,,,,,,,,,,,,,,,,,,,,,,,,,,,,,,,,,77.3256,,,,yes
socialweather,-662774400000000000,,,,,,,,,,,,,,,,,,,,,,,,,,,,,,,,,,,,,,,,,,,,,,,77.6589,,,,yes
socialweather,-536544000000000000,,,,,,,,,,,,,,,,,,,,,,,,,,,,,,,,,,,,,,,,,,,,,,,79.32539999999999,,,,yes
socialweather,-410313600000000000,,,,,,,,,,,,,,,,,,,,,,,,,,,,,,,,,,,,,,,,,,,,,,,82.6584,,,,yes
socialweather,-378777600000000000,,,,,,,,,,,,,,,,,,,,,,,,,,,,,,,,,,,,,,,,,,,,,,,81.241875,,,,yes
socialweather,-284083200000000000,84.9872,0,0,15.99977916,0,618.0221825396824,4049.786629,5641.740755,4.969630039,3.654,0,0,,0,0,22.52898951,,0,4.196576477,0,0,0,0,,69.77073171,0,,8.352659672,,30.1,0,,,,180671000,1.701992777,0,0,,0,55.849999999999994,0,0,0,0,0,,,,,no
socialweather,-284083200000000000,100,0,0,71.07670102710044,0,3.5140794768853985,29.550613741852032,66.85791972153264,36.41537714008871,100,0,0,5.217244083567069,0,0,89.84074120709286,0,0,24.080872620521827,0,0,0,0,11.176904549332907,88.60735969143707,0,28.1790707727118,95.39665517357426,0,100,0,0,0,,55.91322085903592,100,0,0,0,0,2.289118149851508,0,0,0,0,0,,,,,yes
socialweather,-252547200000000000,82.7346,0,0,15.68125552,0,691.7371599999999,4182.175501,5612.079503,4.899698207,3.62,0,2.3,,0,0,22.47470265,,0,4.02982425,0,0,0,1.350153896,,70.27073171,0,,8.487129416,,29.5,0,,,,183691000,1.657730037,0,0,,0,66.2725,0,0,0,9629090,0,,,,,no
socialweather,-252547200000000000,97.3494832162961,0,0,69.66170590098373,0,3.933223476487288,30.51663313462125,66.50641657894343,35.90294582902682,99.06951286261632,0,31.684425506824955,5.320369209244986,0,0,89.62425694187357,0,0,23.12401191285139,0,0,0,14.461426268953915,7.958786122047185,89.2423491599418,0,27.183642051829835,96.93244907676046,0,98.00664451827242,0,0,0,,56.84783641435076,97.3993579409885,0,0,0,0,2.7163040749513705,0,0,0,97.94110975831791,0,,,,,yes
socialweather,-221011200000000000,80.482,0,0,16.0139375,0,639.1376984126981,4433.606021,5774.586315,4.809122459,3.461,0,6.1,,3280,0,23.07056685,,0,4.131548504,0,0,0,1.244634712,,70.1195122,0,,8.656585688,,28.9,0,,,,186538000,1.537997358,0,0,,0,62.38249999999999,0,0,0,9629090,0,,,,,no
socialweather,-221011200000000000,94.6989664325922,0,0,71.13959740142892,0,3.634142482825235,32.35127946542502,68.43221711865614,35.23924450774509,94.71811713191025,0,84.03260677897055,5.627943586704168,5.773631402922021,0,92.00043459347262,0,0,23.70772790526022,0,0,0,13.331215924861272,8.261461502180909,89.0503035673769,0,27.034564531732176,98.8678280077582,0,96.01328903654485,0,0,21.240806802170997,,57.728912734212145,90.36450558332777,0,0,0,0,2.556865048936646,0,0,0,97.94110975831791,0,,,,,yes
socialweather,-189475200000000000,77.9506,0,0,16.48276215,0,714.6924302788842,4690.486256,5986.783954,4.870028187,3.319,0,4.4,,3410,0,23.14437833,,0,4.087065456,0,0,0,1.088386011,,69.91707317,0,,8.189007203,,28.3,0,,,,189242000,1.439164762,0,0,,0,69.865,0,0,0,9629090,0,,,,,no
socialweather,-189475200000000000,91.720400248508,0,0,73.22228299033331,0,4.063747341895963,34.225691452477186,70.94688295132266,35.68553629158137,90.831964969896,0,60.613683578273836,5.854654666764791,6.002464354867101,0,92.2947788235966,0,0,23.452474457948732,0,0,0,11.65764443362193,8.98730293375561,88.79321026324827,0,27.24419612951777,93.52756212219188,0,94.01993355481727,0,0,0,,58.565734079103315,84.55763041114245,0,0,0,0,2.8635494993621413,0,0,0,97.94110975831791,0,77.25894,,,,yes
socialweather,-157852800000000000,75.4192,0,0,16.96811858,0,834.0851778656126,4970.446456,6136.93823,5.103528726,3.19,0,5.8,,3610,0,23.11169437,,0,4.097404491,0,0,0,1.503939679,,70.16585366,0,,7.467629046,,27.7,0,,,,191889000,1.389046055,0,0,,0,81.36833333333334,0,0,0,9629090,0,,,,,no
socialweather,-157852800000000000,88.74183406442381,0,0,75.37840861692544,0,4.742615537628633,36.26851407282212,72.7262987321268,37.396530897491715,87.3015873015873,0,79.89985562590641,6.20065116829879,6.354515050167224,0,92.16444225476471,0,0,23.511802099472398,0,0,0,16.10861757703858,9.686721268525623,89.10915624548717,0,28.361042430207178,85.2886219527788,0,92.0265780730897,0,0,0,,59.38491532907629,81.61292302593597,0,0,0,0,3.335035428048358,0,0,0,97.94110975831791,0,74.99249999999999,,,,yes
socialweather,-126316800000000000,72.8878,0,0,17.45172525,0,910.7026587301591,5234.685002,6307.890202,4.98857066,2.913,0,6.4,,3880,0,23.86715073,,0,4.235578862,0,0,0,1.919825811,,70.21463415,0,,6.968804626,,27.1,0,,,,194303000,1.250171646,0,0,,0,88.16999999999997,0,0,0,9629090,0,,,,,no
socialweather,-126316800000000000,85.76326788033963,0,0,77.52676118820567,0,5.178263196698662,38.196618420996806,74.75217934531952,36.554166114634036,79.7208538587849,0,88.16535793203467,6.640613042521792,6.82978348882239,0,95.17703894943168,0,0,24.30467682621879,0,0,0,20.563151724602477,12.350395830772966,89.17110644032415,0,28.256956066966655,79.59149276811708,0,90.03322259136213,0,0,0,,60.13198882262929,73.45340490831002,0,0,0,0,3.6138146333465953,0,0,0,97.94110975831791,0,70.99289999999999,,,,yes
socialweather,-94780800000000000,70.3564,0,0,18.12107301,0,872.7825000000003,5590.33374,6591.340558,5.018404908,2.721,0,6.5,,4190,0,24.26993865,,0,4.552147239,0,0,0,2.898778535,,70.21219512,0,,7.800245399,,26.4,0,,,,196560000,1.154893191,0,0,,0,85.25666666666666,0,0,0,9629090,0,,,,,no
socialweather,-94780800000000000,82.78470169625542,0,0,80.50024164346212,0,4.962648846083776,40.79172760752949,78.11123144811111,36.77277904639858,74.46633825944171,0,89.5429416497227,7.193700686251393,7.375462066537581,0,96.7832701239813,0,0,26.121215331832293,0,0,0,31.048662065949216,22.14019199960743,89.16800892359743,0,29.575124512979112,89.087470317043,0,87.70764119601327,0,0,0,,60.83047468631989,67.85535206768978,0,0,0,0,3.494406142569502,0,0,0,97.94110975831791,0,80.908575,,,,yes
socialweather,-63244800000000000,67.825,0,0,18.59831788,0,879.4809561752984,5888.340915,6809.820484,5.048160613,2.558,0,2.5,,4370,0,23.24474875,,0,4.630381803,0,0,0,3.151279366,,70.56097561,0,,8.755715446,,25.7,0,,,,198712000,1.088881207,0,0,,0,91.92833333333333,0,0,0,9629090,0,,,,,no
socialweather,-63244800000000000,79.80613551217125,0,0,82.62033283987756,0,5.000736325849794,42.96623597734452,80.70034604724063,36.990816447802864,70.00547345374932,0,34.43959294220104,7.5235341576902535,7.6923076923076925,0,92.69503436653007,0,0,26.57014235139964,0,0,0,33.75318498083632,20.546006328927103,89.61095279953726,0,29.04530127510817,100,0,85.38205980066445,0,0,17.991775268071315,,61.49646563831907,63.97684066082262,0,0,0,0,3.7678570513685354,0,0,0,97.94110975831791,0,,,,,yes
socialweather,-31622400000000000,66.466,0,0,19.08938916,0,903.9588495575224,6385.459329,7073.478949,5.082228117,2.464,0,4.8,,4740,0,22.93899204,,0,4.944297082,0,0,0,4.367188241,,69.95121951,0,,8.565729443,,24.9,0,,,,200706000,0.998461044,0,0,,0,98.69416666666666,0,0,0,9629090,0,,,,,no
socialweather,-31622400000000000,78.20707118248396,0,0,84.80184585968324,0,5.139917839397393,46.593625660268,83.82485269374861,37.24044891473618,67.43295019157088,0,66.124018449026,8.147247351650279,8.343601478612921,0,91.47574268710302,0,0,28.371456801086147,0,0,0,46.77671999982441,31.2207082489536,88.83657539582424,0,30.79206758674423,97.83014872774567,0,82.72425249169434,0,0,0,,62.11355948510643,58.66423509504707,0,0,0,0,4.045167559554814,0,0,0,97.94110975831791,0,,,,,yes
socialweather,-86400000000000,65.107,0,0,19.85794566,0,875.7206399999998,6904.8338,7332.368547,5.08873419,2.456,0,3.1,,5070,0,23.76703598,,0,4.95146583,0,0,0,4.95848845,,70.50731707,0,,7.985390725,,24.1,0,,,,202677000,0.977242812,2,0,,0,97.83999999999999,0,0,0,9629090,0,,,,,no
socialweather,-86400000000000,76.60800685279665,0,0,88.21604676999972,0,4.979355135543784,50.383414058006274,86.89284548382567,37.28812270536781,67.21401204159825,0,42.70509524832929,8.730578530696095,8.924485125858125,0,94.77780296320289,0,0,28.412592643214307,0,0,0,53.11010495734968,40.081072172369716,89.54280758394658,0,31.06334925270322,91.20203567885571,0,80.06644518272425,0,0,0,,62.72353539885661,57.41756517454364,100,0,0,0,4.010157919095283,0,0,0,97.94110975831791,0,,,,,yes
socialweather,31449600000000000,63.748,0,0,21.11125227,67.6,753.1180708661418,7236.657043,7569.076595,5.549854817,2.48,0,3.206807257,,5360,0,21.36306516,,0,5.182714865,0,0,0,2.211441675,,70.80731707,0,,7.42143205,,23.3,0,,,,205052000,1.165002667,0,0,,0,83.22,0,0,0,9629090,0,,,,,no
socialweather,31449600000000000,75.00894252310937,0,0,93.78367981814606,85.56962025316454,4.282235866723607,52.80467260388748,89.69797396417974,40.66702242375773,67.87082649151614,0,44.17645463007051,9.103142431747642,9.434958634043303,0,85.19128687853085,0,0,29.739550125336606,0,0,0,23.686633668836553,43.63856907459579,89.92380126504942,0,32.948295370808985,84.76100092300783,0,77.40863787375415,0,0,0,100,63.45853935378136,68.44933085165496,0,0,0,0,3.410929497415264,0,0,0,97.94110975831791,0,66.66,,1.098169717138103,0.9284731774415406,yes
socialweather,62985600000000000,62.389,0,0,20.98020348,0,884.8719367588934,7517.304646,7644.524802,5.391815169,2.266,0,3.295476728,,5700,0,21.86502479,,0,5.338551256,0,0,0,5.077700631,,71.10731707,0,,6.410680185,,22.4,0,,,,207661000,1.264333692,0,0,,0,98.28333333333335,0,83.84320068,0,9629090,0,,,,,no
socialweather,62985600000000000,73.40987819342206,0,0,93.2015145536354,0,5.031389488089458,54.85251108862202,90.59207923873865,39.508973768255615,62.01423097974822,0,45.397950825126635,9.756460072257315,10.033444816053512,0,87.19299339959878,0,0,30.633773381335867,0,0,0,54.38698026097262,31.503532881535868,90.30479494615224,0,32.79045809866291,73.2170914477204,0,74.41860465116278,0,0,0,52.77777777777778,64.26596054047555,74.28549104823846,0,0,0,0,4.02832877638745,0,85.93600921539301,0,97.94110975831791,0,72.9927,,0.6655574043261231,0.515818431911967,yes
socialweather,94608000000000000,61.03,0,0,21.74864198,0,950.116972111554,8076.409269,7940.997832,5.524118308,2.01,0,5.263262776,,6290,0,22.52185467,,0,5.78705274,0,0,0,4.329220317,,71.15609756,0,,6.053963939,,21.5,0,,,,209896000,1.070522752,0,16.67824607,,0,109.20833333333333,0,84.84906006,0,9629090,0,,,,,no
socialweather,94608000000000000,71.81081386373478,0,0,96.61519126604657,0,5.402373323587507,58.932203741377045,94.10545762674285,40.478436015081535,55.008210180623976,0,72.50585102131163,10.600487531983042,11.071994367188875,0,89.81228900715244,0,0,33.20737287738027,0,0,0,46.37004759370986,24.469051141926908,90.36674514098925,0,35.07051121887089,69.14299552489133,0,71.42857142857143,0,0,34.143889149117854,13.675213675213676,64.95763794647841,62.89819595397731,0,81.32372877631384,0,0,4.476110616801552,0,86.96697583222077,0,97.94110975831791,0,71.14103333333333,,0.33277870216306155,0.17193947730398898,yes
socialweather,126144000000000000,59.3726,0,0,22.51058213,69.6,924.0697222222215,8573.194154,8163.603792,6.669004703,1.879,0,5.643124848,,7310,0,23.2799715,,0,6.381230185,0,0,0,5.442039936,,71.35609756,0,,5.485146117,,20.6,0,,,,211909000,0.954476729,0,17.07606809,,0,107.42333333333333,0,0,0,9629090,0,,,,,no
socialweather,126144000000000000,69.86063783722724,0,0,100,88.1012658227848,5.2542684353628335,62.55715971913194,96.74346813618087,48.86768622672724,51.42309797482212,0,77.73876907485604,11.695953636329088,12.867452913219504,0,92.83549508119938,0,0,36.6168928624088,0,0,0,58.289399097631964,46.04258904789384,90.62074092839113,0,41.903916640431376,62.64646391067744,0,68.43853820598007,0,0,0,12.393162393162394,65.58061182490518,56.07995180111156,0,83.26352327988093,0,0,4.402949007177829,0,0,0,97.94110975831791,0,74.32589999999999,,1.497504159733777,1.2723521320495186,yes
socialweather,157680000000000000,57.7152,0,0,21.50293038,0,759.1293675889325,8449.928456,7909.58648,8.177231127,1.835,0,-0.517154562,,8000,0,22.64228689,,0,8.229787097,0,0,0,8.983063068,,71.95609756,0,,5.546527206,,19.7,0,,,,213854000,0.913660196,0,17.92455571,,0,82.5525,0,85.16272736,0,9629090,0,,,,,no
socialweather,157680000000000000,67.91046181071974,0,0,95.52365307933509,0,4.316416151897547,61.65771059676738,93.73321477802644,59.91934069830618,50.21893814997264,0,-7.124237041392909,12.565358122717237,14.08202781200493,0,90.29254667273541,0,0,47.22431626422882,0,0,0,96.217108740058,81.68597018540686,91.38272829059682,0,56.212662857701666,63.347504155515935,0,65.4485049833887,0,0,0,20.085470085470085,66.18254137956987,53.68179044863244,0,87.40077948711831,0,0,3.383570744236644,0,87.28847257572234,0,97.94110975831791,0,72.04834999999999,,0.5324459234608985,0.3782668500687758,yes
socialweather,189216000000000000,56.0578,0,0,20.40222407,79,802.8885770750989,8522.394003,7656.263579,8.212748598,1.774,0,-0.197678537,,8530,0,20.2288559,,0,7.266701916,0,0,0,9.261424055,,72.60487805,41.67152677,,5.234104811,,18.8,0,,,,215973000,0.985986067,0,17.26721704,,0,86.15583333333332,0,85.18713379,0,9629090,0,,,,,no
socialweather,189216000000000000,65.96028578421222,0,0,90.63392475670285,100,4.565231395629017,62.18647953823573,90.73119059538854,60.17959791893972,48.549534756431314,0,-2.7231873390759307,13.567514289950234,15.014962154550254,0,80.6683054746326,0,0,41.69792309744626,0,0,0,99.198618404682,67.5970123842182,92.20666584763947,27.242498328405123,52.634131904009195,59.77929323172753,0,62.45847176079734,0,0,0,31.837606837606835,66.83831964503747,57.931272113735886,0,84.19557244742731,0,0,3.531260193355682,0,87.31348821415675,0,97.94110975831791,0,73.8815,,0.7986688851913478,0.24071526822558462,yes
socialweather,220838400000000000,54.4004,0,0,21.15761537,67.7,975.2007114624503,8968.775655,8100.562222,7.963146315,1.738,0,5.386090051,,8980,0,21.9891009,,0,8.050013129,0,0,0,5.488939826,,72.85609756,47.0337726,,4.847338632,,17.9,0,,,,218035000,0.950220049,0,16.56647601,,0,102.02166666666666,0,85.36267853,0,9629090,0,,,,,no
socialweather,220838400000000000,64.01010975770468,0,0,93.98964117326449,85.69620253164557,5.544999682554594,65.44365157916347,95.9963887489467,58.350616445642544,47.56431308155447,0,74.19789956259154,14.940452601120713,15.807076218975533,0,87.68778211098527,0,0,46.19273396193546,0,0,0,58.791741314520294,42.467020615016324,92.5257093339053,30.748032787618612,54.96430332879553,55.36199368167543,0,59.46843853820597,0,0,0,22.435897435897438,67.47645781558688,55.829852032327395,0,80.77873393653256,0,0,4.181551456486432,0,87.49341472306865,0,97.94110975831791,0,73.49265,,0.13311148086522462,0.0343878954607978,yes
socialweather,252374400000000000,52.743,0,0,21.53248401,0,894.3286111111116,9337.724018,8285.570898,7.639201496,1.79,0,4.608597407,,9610,0,23.47950168,,0,8.746274481,0,0,0,6.202967939,,73.25609756,39.99317338,,4.838320747,,17.1,0,,,,220239000,1.005771996,0,17.80051401,,0,98.21,0,85.40564728,0,9629090,0,,,,,no
socialweather,252374400000000000,62.05993373119717,0,0,95.65494079916982,0,5.08516022027282,68.13580589851185,98.18884950617536,55.976883861146874,48.98741105637657,0,63.48728749262528,16.432353707221775,16.91603590917092,0,93.6311783166338,0,0,50.188033706857595,0,0,0,66.43965829694834,48.01452551489867,93.0337009087091,26.14528536392924,56.28126624281629,55.25899941403829,0,56.81063122923589,0,0,45.59657754914786,27.77777777777778,68.15854148575706,59.093787564293535,0,86.79594768853383,0,0,4.025323070669947,0,87.53745601521908,0,97.94110975831791,0,77.3256,,0.13311148086522462,0.0343878954607978,yes
socialweather,283910400000000000,52.5098,0,0,21.97300469,0,821.1337301587301,9560.54541,8438.403077,7.930378503,1.76,0,5.561684929,,10790,0,24.77937223,,0,9.006772976,0,0,0,7.021273092,,73.35609756,36.57691621,,4.635845896,,16.3,0,,,,222585000,1.05957308,0,17.6769552,,0,96.01999999999998,0,85.09819794,0,9629090,0,,,,,no
socialweather,283910400000000000,61.78553946947305,0,0,97.61189010175102,0,4.668973493914792,69.76169622104462,100,58.110507579857504,48.1663929939792,0,76.61686601101371,18.36853557982016,18.993135011441648,0,98.81478114238128,0,0,51.68283098037637,0,0,0,75.20448108542737,56.608588440405875,93.16069880241002,23.911928742349254,58.30270581355407,52.94651161965137,0,54.15282392026578,0,0,0,18.58974358974359,68.88457065554799,62.254851743122295,0,86.19347047898847,0,0,3.9355617681063872,0,87.22233243809866,0,97.94110975831791,0,75.6591,,0.26622296173044924,0.1375515818431912,yes
socialweather,315446400000000000,52.2766,0,0,21.78043698,0,844.3960474308296,9700.695386,8327.041705,8.743028019,1.808,0,3.17569075,,12230,0,25.06537829,,0,9.599592423,0,0,0,8.255897781,,73.80487805,37.74836322,,4.645606261,,15.6,0,,,,225055000,1.103576565,0,18.56358108,,0,103.0225,0,78.57421875,0,9629090,0,,,,,no
socialweather,315446400000000000,61.51114520774893,0,0,96.75643594739857,0,4.801243231183379,70.78434708789499,98.68030276601114,64.06526444819882,49.480021893815,0,43.74779869612525,20.2913392874637,21.527900017602537,0,99.95531149811318,0,0,55.08455847620897,0,0,0,88.4284801885664,83.39429458811793,93.73064057205082,24.67775485157439,64.26163509011835,53.05798583395398,0,51.82724252491694,0,0,0,14.743589743589745,69.64897476866973,64.84026136381189,0,90.51669021615719,0,0,4.222572508380966,0,80.53550832778522,0,97.94110975831791,0,,,0.5990016638935108,0.34387895460797796,yes
socialweather,347068800000000000,52.0434,0,0,20.78648774,0,891.124189723321,9862.365497,7942.253018,9.808646622,1.8395,0,-0.244596225,,13410,0,23.26808861,,86,10.26475063,0,0,0,9.018535344,,73.6097561,47.5037703,,4.827624755,,15,0,,,,227225000,0.959589923,0,19.07001036,,0,118.78333333333335,0,90.8430481,0,9629090,0,,,,,no
socialweather,347068800000000000,61.23675094602481,0,0,92.34096044232331,0,5.0669398525380345,71.96402677016582,94.12033231320363,71.87367332596469,50.34209085933223,0,-3.3695177696796073,21.856470971477723,23.604999119873263,0,92.78810868400618,0,87.75510204081633,58.90138158024356,0,0,0,96.59705039373596,100,93.48283980540259,31.05529082563756,69.78603464282901,55.136839299699645,0,49.83388704318937,0,91.98606273931334,0,14.316239316239315,70.32053627695888,56.38037575526093,0,92.98605763274574,0,0,4.868560147416204,0,93.11057969353264,0,97.94110975831791,0,74.6592,,0.49916805324459235,0.3782668500687758,yes
socialweather,378604800000000000,51.8102,0,0,19.76676417,0,932.9110276679846,9976.693715,7647.538054,9.506171994,1.812,0,2.594470388,,14400,0,24.24743285,,97,9.896087022,0,0,0,9.336242988,,74.0097561,39.35154203,,5.290885331,,14.4,0,,,,229466000,0.981415437,0,19.92521853,,0,128.04166666666666,1.031999946,89.5338974,0,9629090,0,,,,,no
socialweather,378604800000000000,60.9623566843007,0,0,87.81098621015538,0,5.304540174620082,72.79826060009638,90.62778803307457,69.6572653504236,49.58949096880131,0,35.74100162532576,24.27760872471682,25.347650061608874,0,96.69352185752837,0,98.9795918367347,56.785909258286395,0,0,0,100,76.35836258846567,93.99083138020639,25.72582290755456,66.01838407267809,60.427789866299406,0,47.84053156146179,0,89.89547041167928,0,15.598290598290598,71.01407053505841,57.66272632072399,0,97.15608348393332,0,0,5.248030494250734,99.58025127132434,91.76875130784254,0,97.94110975831791,0,79.19208,,0.26622296173044924,0.10316368638239339,yes
socialweather,410140800000000000,51.577,0,0,18.59049523,69.5,884.5283399209484,9544.460943,7259.078899,8.466659552,1.8275,0,-1.910891068,,14230,0,22.06232543,,97,9.063791203,0,0,0,6.203739761,,74.36097561,43.55363587,,6.386444687,,13.9,0,,,,231664000,0.953317566,0,19.71933557,,0,119.72500000000002,1.02737999,92.75406647,0,9629090,12.69184654,,,,,no
socialweather,410140800000000000,60.68796242257657,0,0,82.58558185052142,87.9746835443038,5.029435793496193,69.64433056326975,86.02432039286667,62.04015153708598,50.01368363437329,0,-26.324124215523128,25.051071213870724,25.048406970603764,0,87.97978571136073,0,98.9795918367347,52.01001402325911,0,0,0,66.44792524116768,45.60254039612223,94.43687276017315,28.472915305772478,58.33092985886261,72.94029512936733,0,46.17940199335548,0,90.7485281987374,39.5056986272993,16.666666666666664,71.69429735313192,56.0118455778852,0,96.1521907527413,0,0,4.907156141288663,99.13446018274374,95.06929895667119,0,97.94110975831791,38.09721965431507,78.9921,,0.36605657237936773,0.1375515818431912,yes
socialweather,441676800000000000,51.9174,0,0,18.57154371,0,1190.7806324110672,9742.005714,7199.118533,7.613677,1.799,0,4.632457181,,14590,0,22.22793699,,98,9.033139764,0,0,0,3.948367013,,74.46341463,49.72419675,,5.871851445,,13.4,0,,,,233792000,0.914378513,0,17.95754256,,0,160.42500000000004,1.017549992,92.92421722,0,9629090,0,,,,,no
socialweather,441676800000000000,61.08849332605381,0,0,82.50139246843192,0,6.7707889782089925,71.08578162213333,85.31375507081623,55.78985099534874,49.23371647509579,0,63.81597585432645,26.99847921183841,25.68209822214399,0,88.64020882071763,0,100,51.8341293700805,0,0,0,42.29074819576664,23.779311355957184,94.56696815790106,32.50688064106087,54.10774745142275,67.06306847469013,0,44.518272425249165,0,87.55543240031976,0,9.401709401709402,72.3528608967445,53.72399491681274,0,87.56162455627762,0,0,6.575322814501848,98.18593913423913,95.24369683630145,0,97.94110975831791,0,72.9927,,0.26622296173044924,0.20632737276478677,yes
socialweather,473299200000000000,52.2578,0,0,18.97675027,0,1178.5496047430822,10282.37464,7443.320017,7.483444053,1.8065,0,7.259086959,,16230,0,25.07658464,,98,10.02568124,0,0,0,3.548237335,,74.56341463,39.65061686,,5.728200583,,13,0,,,,235825000,0.865817336,0,17.77714862,,0,160.46666666666667,1.020959973,94.91506195,0,9629090,0,,,,,no
socialweather,473299200000000000,61.48902422953104,0,0,84.30146390887671,0,6.701243249069207,75.02876303650685,88.20768513994986,54.83555825245786,49.43897099069513,0,100,29.727330453502866,28.568913923605,0,100,0,100,57.52954919267527,0,0,0,38.00498058545175,31.957589218001704,94.69396605160199,25.92134119516884,58.43195696682068,65.4224160016175,0.030083404357999968,43.18936877076412,0,87.37946684490669,0,13.461538461538462,72.98202428216008,50.87079967084961,0,86.6820172050083,0,0,6.577030601841336,98.51497671425705,97.28423500369165,0,97.94110975831791,0,73.49265,,0.09983361064891848,0.0343878954607978,yes
socialweather,504835200000000000,52.5982,0,0,18.88231274,0,1327.994206349207,10414.2079,7456.262903,6.975559121,1.844,0,4.238737521,,17510,0,24.14507076,,97,9.59865499,0,0,0,3.199612387,,74.56341463,52.93302742,,5.93928683,,12.7,0,,,,237924000,0.886129041,0,18.20792347,,0,186.85,1.019950032,93.9609375,0,9629090,0,,,,,no
socialweather,504835200000000000,61.889555133008265,0,0,83.88193886303551,0,7.550986546756872,75.9907282217075,88.36106589080872,51.11398920256741,50.465243568691854,0,58.39215792482973,31.696748227980226,30.82203837352579,0,96.28532396507406,0,98.9795918367347,55.079179280860814,0,0,0,34.27087738732277,26.360343754082287,94.69396605160199,34.60463349389233,54.40726450556193,67.83325550755913,0.11061790450989689,42.192691029900324,0,87.28837878732126,0,8.547008547008547,73.63161304063885,52.06420690938103,0,88.7824908949889,0,0,7.658401545205984,98.41752498575744,96.30629467146635,0,97.94110975831791,0,72.9927,,0.09983361064891848,0.0687757909215956,yes
socialweather,536371200000000000,52.9386,0,0,18.72072272,0,1793.104031620554,10424.4273,7376.096238,6.993227898,1.8375,0,3.511614499,,19160,0,23.68611953,,97,9.866050275,0,0,0,2.017623956,,74.61463415,55.29099126,,6.124085134,,12.4,0,,,,240133000,0.924164157,0,17.93120276,,0,236.35833333333335,1.022899985,95.04894257,0,9629090,0,,,,,no
socialweather,536371200000000000,62.29008603648549,0,0,83.16409860876396,0,10.19560503725717,76.06529746935897,87.41104413588087,51.24345863449893,50.287356321839084,0,48.3754295661965,33.1638851965284,33.72645660975181,0,94.45512564824298,0,98.9795918367347,56.613551842091056,0,0,0,21.610662432343283,13.75886524386959,94.75901376316574,36.146137512312045,54.96488500284572,69.94385749251084,0.21945965247416355,41.19601328903654,0,97.30866279196086,0,10.47008547008547,74.31524408755624,54.29894706304032,0,87.43319074242022,0,0,9.687594461987214,98.70217331555355,97.42145741529772,0,97.94110975831791,0,74.32589999999999,,0.033277870216306155,0,yes
socialweather,567907200000000000,53.279,0,0,19.35033442,0,2277.532252964426,10886.85826,7622.173017,7.472849772,1.872,0,3.461747692,,21460,0,23.54754829,,82,10.44540726,0,0,0,2.551295486,,74.76585366,51.98470007,,5.916717879,,12.1,0,,,,242289000,0.893829201,0,18.68130311,,0,286.84166666666664,1.013389945,95.24610138,0,9629090,0,,,,,no
socialweather,567907200000000000,62.690616939962716,0,0,85.96105737404135,0,12.950068094963507,79.43957861873598,90.327197544939,54.757927777932515,51.23152709359605,0,47.68847255243357,34.87422084146234,37.77503960570322,0,93.90253349109985,0,83.6734693877551,59.938028789921646,0,0,0,27.32678968702094,27.69097167832248,94.95105935573062,33.9846704579866,57.678632937037634,67.57549300786174,0.39215792066986355,40.199335548172755,0,98.09451222143998,39.81317392302946,7.264957264957266,74.98247294095319,52.51662716075087,0,91.09070707611573,0,0,11.756749602512496,97.7845258132732,97.62353750259929,0,97.94110975831791,0,73.9926,,0.033277870216306155,0,yes
socialweather,599529600000000000,54.5456,0,0,20.01041341,74.3,2061.475889328064,11298.33251,7849.75397,8.464351851,1.934,0,4.203971979,,23580,0,22.75733542,,98,10.5469661,0,0,0,3.500903602,,74.76585366,52.92474873,,5.579929593,,11.9,0,,,,244499000,0.90799904,0,18.32548996,,0,265.78333333333336,0,0,0,9629090,0,,,,,no
socialweather,599529600000000000,64.18095901500462,0,0,88.89336266134137,94.05063291139241,11.721569742064535,82.4420372024542,93.02416462417587,62.02324166621388,52.92829775588397,0,57.91323347887173,37.27258711794502,41.50677697588453,0,90.75133534611992,0,100,60.52079560066168,0,0,0,37.497991499361774,29.67635164384453,94.95105935573062,34.599221352414254,61.629020440084915,63.72899653276374,0.6526241573355267,39.53488372093023,0,98.88915719726295,0,5.769230769230769,75.66641346322001,53.349171175712925,0,89.3557493363031,0,0,10.893633881134585,0,0,0,97.94110975831791,0,71.82614999999998,,0.033277870216306155,0,yes
socialweather,631065600000000000,55.8122,0,99,20.07576978,0,2510.3357539682543,11531.93231,7890.287202,8.913368046,2.014,0,3.680524033,,23860,0,22.44965748,,94,10.44651946,0,0,0,3.888019538,,75.01707317,59.78114401,,5.374717221,,11.6,0,,,,246819000,0.944405555,0,18.49782235,,0,322.8333333333333,0,0,0,9629090,0,,,,,no
socialweather,631065600000000000,65.6713010900465,0,99.49748743718592,89.183698866876,0,14.273790815825704,84.14657576024939,93.5045070732167,65.31344515311626,55.1176792556103,0,50.70229980420324,39.7695510264431,41.9996479493047,0,89.52438221666856,93.8822264402918,95.91836734693877,59.94441083649588,0,0,0,41.64436961417268,35.7307773203964,95.27010284199645,39.081546609782905,62.68723005548888,61.385243206543564,1.0953441649058289,38.538205980066444,0,97.91965572139307,0,8.974358974358974,76.38439627392546,55.48822343797761,0,90.19604827930425,0,0,13.231936306363384,0,0,0,97.94110975831791,0,74.6592,,0.09983361064891848,0.0687757909215956,yes
socialweather,662601600000000000,57.0788,0,99.2,19.32275118,70.7,2679.4526086956525,11713.3317,7671.773066,9.229296529,2.081,3024500,1.919370297,,24150,23730,21.46999401,,90,10.53130909,99.5,98.4,0,3.699156703,,75.21463415,51.73346362,,5.120251576,,11.2,0,,,,249623000,1.12965052,0,18.15576288,,0,334.58750000000003,1.004969954,91.00752258,0,9629090,0,,,,,no
socialweather,662601600000000000,67.16164316508839,0,99.69849246231156,85.83852282633084,89.49367088607595,15.235390714960072,85.47021668209747,90.91498706562676,67.62843736932881,56.95128626163108,97.53462648543189,26.440932693612606,41.5601048475471,42.51012145748988,40.42589437819421,85.61769602289829,94.95518833647267,91.83673469387756,60.43095225680876,99.5,99.19354838709677,0,39.62146987556533,39.95712833493699,95.52100112537138,33.82042621018317,63.0403697074726,58.47896277098816,1.6324599427792847,37.20930232558139,0,97.6928147896249,0,6.837606837606838,77.25216515376083,66.37222761844895,0,88.5281539787347,0,0,13.713703114833331,96.97205986040942,93.27915961789554,0,97.94110975831791,0,74.99249999999999,0.784728502,0.16638935108153077,0.10316368638239339,yes
socialweather,694137600000000000,58.3454,0,99.2,19.05616319,0,2929.036126482213,12134.17213,7631.467806,9.636019704,2.0625,3025586,-0.074084531,,24370,24180,20.05874757,,87,10.09949234,99.5,98.4,0,3.328513079,,75.36585366,67.37230693,,4.539845285,,10.9,0,,,,252981000,1.336260741,0.899999976,18.08458412,,0,376.1775,1.006590009,90.87973785,0,9629090,0,,,,,no
socialweather,694137600000000000,68.65198524013027,0,99.69849246231156,84.65424430141114,0,16.65452475642516,88.54101871024177,90.43734621780027,70.60873523717969,56.444991789819376,97.56964801109338,-1.0205764363815495,42.34202687128188,42.89737722232002,41.19250425894378,79.98995021835637,94.58020417069677,88.77551020408163,57.953093409448655,99.5,99.19354838709677,0,35.65152581480777,31.348344604896184,95.71304671793628,44.04422158687616,62.36331340806963,51.85007796334911,2.31180530220592,36.21262458471761,0,98.61266508011559,0,6.41025641025641,78.29138337718707,78.51154006395646,44.99999879999999,88.18108378031097,0,0,15.418348125618007,97.12838301197414,93.14818525568366,0,97.94110975831791,0,76.3257,1.163193726,0.06655574043261231,0,yes
socialweather,725760000000000000,59.612,0,99.3,19.13943728,0,3284.077952755905,12014.95825,7677.401401,9.680747126,2.046,3026672,3.555396148,,25780,25180,20.01939046,,83,10.21199673,99.6,98.5,0,2.279550581,,75.61707317,69.5157692,,4.666264687,,10.5,0,,,,256514000,1.386885692,0,17.59714612,,0,415.7441666666668,0,0,0,9629090,16.77049079,,,,,no
socialweather,725760000000000000,70.14232731517215,0,99.79899497487436,85.0241773823021,0,18.673295652345523,87.67113502419251,90.98168611932974,70.936479139211,55.993431855500816,97.60466953675487,48.978558434155836,44.22929540513886,45.37933462418589,42.89608177172061,79.83300256952376,95.05245051106483,84.6938775510204,58.59866817728327,99.6,99.29435483870968,0,24.416144523337035,22.420139532883766,96.03209020420212,45.44549655406823,63.43752856054361,53.293928015120194,3.3415523854390847,34.883720930232556,0,98.54976930448896,52.44738956028478,6.837606837606838,79.38475978676567,81.4859916411972,0,85.80431852928308,0,0,17.040062983197085,0,0,0,97.94110975831791,50.34011948723875,77.9922,1.724202539,0.06655574043261231,0,yes
socialweather,757296000000000000,57.9556,0,99.4,19.34708291,0,3524.9177075098814,12261.52378,7709.496589,9.519215645,2.0195,3027758,2.745856719,,26480,26000,20.33390379,,84,10.46668871,99.6,98.5,0,2.379261482,,75.4195122,76.33805645,,,,10.1,0,,,,259919000,1.31868,0,17.99274225,,0,451.4066666666667,0.996420026,95.36197662,0,9629090,0,,,,,no
socialweather,757296000000000000,68.19332793644219,0,99.89949748743719,85.94661301191326,0,20.042712581558604,89.47028233899418,91.36203282364252,69.75284378719277,55.26819923371647,97.63969106241636,37.82647507198708,45.91550619907212,46.61151205773631,44.29301533219762,81.08721375703259,91.84693431046074,85.71428571428571,60.06014639922501,99.6,99.29435483870968,0,25.484142658434415,21.848960343068782,95.78119193352697,49.90552390151413,64.28682777367337,49.4182968791743,4.800106692200645,33.5548172757475,0,98.78048778747768,0,,80.43852335161569,77.47858967558943,0,87.73325951300842,0,0,18.501758167066004,96.14705596201604,97.7423051022581,0,97.94110975831791,0,74.6592,2.271673294,,,yes
socialweather,788832000000000000,56.2992,0,99.4,19.36089205,0,3794.5816205533597,12455.16217,7757.830822,9.864046613,2.0015,3028844,4.037643425,,27750,27350,21.21640553,,89,11.12946049,99.6,98.6,0,2.128132874,,75.6195122,70.2956914,,,,9.8,0,,,,263126000,1.226296089,0,18.20351072,,0,460.32916666666665,0.998679996,96.47335815,0,9629090,0,,,,,no
socialweather,788832000000000000,66.24432855771222,0,99.89949748743719,86.00795811583039,0,21.576023924184813,90.8832291909366,91.93482168616725,72.27962136434792,54.77558839627805,97.67471258807785,55.62191840110178,48.19139953208384,48.84703397289209,46.592844974446336,84.60643997012825,90.48655030155565,90.81632653061224,63.863275663788286,99.6,99.39516129032258,0,22.79431755081051,19.30098537760642,96.03518772092886,45.95536578317173,68.07324106805281,45.01387554572202,7.160324953151685,32.55813953488372,0,99.56690224134722,0,11.965811965811966,81.43101079727619,72.05060477174987,0,88.76097416699174,0,0,18.86746374794425,96.36512610953682,98.88142780546234,0,97.94110975831791,0,72.9927,4.862780635,0.33277870216306155,0.20632737276478677,yes
socialweather,820368000000000000,54.6428,0,99.4,19.27654526,76.4,4499.389333333331,12659.60763,7763.755106,10.60551457,1.978,3029930,2.718975789,,29150,28550,21.20499448,,88,11.77666928,99.6,98.6,0,2.085676645,,75.62195122,90.70944121,,,,9.5,0,,,,266278000,1.190787091,0,18.72088684,,0,541.6383333333332,1.00830996,95.05888367,0,9629090,0,,,,,no
socialweather,820368000000000000,64.29532917898226,0,99.89949748743719,85.63325972059168,96.70886075949367,25.58356667686199,92.37503341994783,92.00502790819696,77.7127894431692,54.13245758073345,97.70973411373933,37.45616775714396,49.93597206159486,51.31138883999296,48.63713798977854,84.56093516888112,88.44776015101216,89.79591836734694,67.57710109179848,99.6,99.39516129032258,0,22.339571149559287,20.766472607313595,96.0382852249558,59.30072622904255,73.22232553048471,41.55559054471355,9.912652970259996,31.56146179401993,0,100,0,12.82051282051282,82.40647709871737,69.9642858120073,0,91.28371876984922,0,0,22.200074117970527,97.29434537797836,97.4316466549055,0,97.94110975831791,0,85.9914,9.237088297,5.657237936772046,5.845942228335626,yes
socialweather,851990400000000000,52.9864,0,99.4,19.49602474,0,5743.887164750959,12854.29891,7844.468266,10.71072187,1.976,3031016,3.795881229,,30380,29980,21.629225,,91,11.90051951,99.7,98.7,0,1.825553431,,76.02682927,104.6948958,,,,9.2,0,,,,269394000,1.16341162,0,18.88879054,,0,670.8283333333334,0.999890029,94.72489166,0,9629090,0,,,,,no
socialweather,851990400000000000,62.34632980025228,0,99.89949748743719,86.60826551445562,0,32.65979211336931,93.795663033614,92.9615259477371,78.48370467776911,54.07772304324029,97.74475563940082,52.291441753480726,52.167229826076664,53.47650061608872,51.07325383304941,86.25267479806215,89.78510914066608,92.85714285714286,68.28778076819614,99.7,99.49596774193549,0,19.553405297467176,21.697563457052706,96.55247182051325,68.44362913713442,73.95620253797863,38.2692200616315,12.77006612118974,30.564784053156142,0,98.40201856542494,0,7.478632478632479,83.37080228757866,68.35584943260896,0,92.10242326083888,0,0,27.495171231297594,96.48188521466433,97.08931787670471,0,97.94110975831791,0,77.82554999999999,16.41935296,0.06655574043261231,0.0687757909215956,yes
socialweather,883526400000000000,51.33,1.382525903,99.4,19.69036318,0,7443.145468749999,12889.83228,7828.581096,11.07979715,1.971,3032102,4.487026493,,31390,31620,22.36306727,,91,12.26432201,99.7,98.7,23.94726353,1.711503645,,76.42926829,125.1103471,,,,8.9,0,,,,272657000,1.203960297,0,19.34607769,,0,872.6733333333333,0,0,74.67021057,9629090,0,,,,,no
socialweather,883526400000000000,60.3973304215223,96.92791961061566,99.89949748743719,87.47158588030703,0,42.321789531442086,94.05494407432296,92.77325371358295,81.18813446606542,53.94088669950739,97.77977716506231,61.81254637591675,54.77740914781878,55.25435662735434,53.86712095400341,89.17907917304004,92.61642469523763,92.85714285714286,70.37535899047845,99.7,99.49596774193549,100,18.331824130968087,17.304210928386034,97.06356089934397,81.79010192138287,76.37477670294511,36.6606616877485,15.840446538610763,29.568106312292358,0,98.64498647280719,100,8.547008547008547,84.3806203528079,70.73827299797055,0,94.33217188089229,0,0,35.768171284238996,0,0,94.61444920811964,97.94110975831791,0,,21.61640097,0.06655574043261231,0.0343878954607978,yes
socialweather,915062400000000000,49.7042,1.256535233,99.4,19.5792362,0,8631.943540856031,13154.76303,7803.697605,10.48479905,1.999,3033188,4.449910963,,32150,33230,22.84840593,,92,12.2749409,99.7,98.7,23.41509526,1.085256199,,76.5804878,142.1756095,,,,8.7,0,,,,275854000,1.165714526,0,19.77122659,,0,1084.3108333333332,1.036350012,94.82893372,75.32836951,9629090,0,,,,,no
socialweather,915062400000000000,58.48433646478528,88.09480226579899,99.89949748743719,86.97792037064481,0,49.081305654604066,95.98809931897898,92.47836982651404,76.82823643762062,54.707170224411605,97.81479869072382,61.301248877903134,57.16559702843903,56.592149269494804,56.6098807495741,91.11450485786727,96.95740178762892,93.87755102040816,70.43629250113,99.7,99.49596774193549,97.77774913892218,11.624121184451761,11.49038823484529,97.25560649190886,92.94640979970339,74.07983209781284,34.46475569713255,19.574586016518207,28.903654485049827,0,99.73952166334475,0,6.41025641025641,85.37001304497397,68.4911558822673,0,96.40521323596256,0,0,44.442535517707185,100,97.19595692858292,95.44840086198732,97.94110975831791,0,76.9923,30.09319659,0.13311148086522462,0.10316368638239339,yes
socialweather,946598400000000000,48.0784,1.190550642,99.4,19.72716951,0,10482.604999999996,13281.86998,7923.223893,10.26828081,2.0075,3034274,4.685199608,,33780,34850,23.31795337,,92,12.92474482,99.7,98.8,23.26302222,1.530321885,,76.58292683,152.9651439,,,,8.6,0,,,,279040000,1.148340047,0,19.72181093,,0,1326.0608333333334,0,94.04444122,75.54642714,9629090,0,,,,,no
socialweather,946598400000000000,56.571342508048275,83.46866895566791,99.89949748743719,87.63509266919168,0,59.60418272273101,96.91557741287609,93.89482607906953,75.24168103904314,54.93979200875753,97.8498202163853,64.54254694099197,60.065986573132236,59.46136243619081,59.36967632027257,92.98695857012848,100,93.87755102040816,74.16500935201934,99.7,99.59677419354837,97.14271608051244,16.391195976443022,16.196366992331907,97.2587040086356,100,75.21475434082964,33.21709033301995,24.04576858505437,28.57142857142857,0,99.8309586853205,0,11.324786324786325,86.3560015082962,67.47032434674077,0,96.16426069729177,0,0,54.35111766142433,0,96.39188272623095,95.72470117506516,97.94110975831791,0,,35.84872446,0.6655574043261231,0.6877579092159559,yes
socialweather,978220800000000000,46.4526,1.189219338,99.4,20.17875051,0,10723.751914062505,13671.05202,8056.86385,10.66464335,2.056,3035360,4.092176449,,36070,36930,23.5689255,,91,14.3185381,99.7,98.8,23.15624289,2.275519805,,76.63658537,146.8942697,,,,8.4,0,,,,282162411,1.112768997,0,20.50846207,,0,1427.0075,1.000120044,93.17204285,75.65453777,9632030,0,,,,,no
socialweather,978220800000000000,54.658348551311256,83.37533216768492,99.89949748743719,89.6411758410621,0,60.97534616242988,99.75537347940264,95.4785375441482,78.14606049285211,56.26710454296662,97.88484174204679,56.373156460488694,63.23910356520028,63.49234289737722,62.91311754684838,93.98778118454332,98.62625724510055,92.85714285714286,82.16289968452509,99.7,99.59677419354837,96.6968224197765,24.372971096882935,24.996407593484047,97.32684922422628,96.03120420429322,82.16122031177004,33.503053338035585,30.25221415240998,27.906976744186046,0,95.12195124503272,0,6.837606837606838,87.32231074362275,65.38035954308872,0,100,0,0,58.48860820455193,96.5040799362677,95.49770843713206,95.8616879015376,97.971013608286,0,78.65879999999999,43.07916264,0,0,yes
socialweather,1009756800000000000,44.8268,1.164848337,99.4,19.63650507,0,10205.770468750003,13046.61415,7827.886325,9.666070536,2.0305,3037802,0.975981834,,36840,37860,22.05149134,,91,13.13706572,99.8,98.8,22.13450944,2.278900887,,76.83658537,131.6503267,,,,8.3,0,,,,284968955,0.989741382,1.100000024,19.43711363,,0,1192.0783333333334,1.008200049,93.95050812,76.70064222,9632030,0,,,,,no
socialweather,1009756800000000000,52.74535459457424,81.66669841215649,99.89949748743719,87.23232902906717,0,58.030099182944284,95.19895508194467,92.76502027185637,70.82893520620466,55.569239189928844,97.96359180251213,13.444966832777133,64.66830080710685,64.8477380742827,64.49744463373084,87.93658170190116,95.13487324439028,92.85714285714286,75.38335306041985,99.8,99.59677419354837,92.430224490038,24.409185685602893,20.920080284748547,97.58084501162816,86.06557241960009,74.37302620475418,33.62767627795747,35.145725242262074,27.57475083056479,0,97.7843972530641,0,8.76068376068376,88.1908669287471,58.15191435445205,55.00000120000001,94.77606640447613,0,0,48.8595908483092,97.28373979118552,96.29560496391079,97.18720440397371,97.971013608286,0,75.32579999999999,49.08083159,100,100,yes
socialweather,1041292800000000000,43.201,1.002199564,99.5,19.61340408,72.8,9214.852658730151,13296.1823,7843.344849,9.13238644,2.0205,3040244,1.786127687,,37470,38590,21.57652179,,91,13.01727331,99.8,98.9,21.27075325,1.535124592,,76.93658537,100.7006687,,,,8.2,0,,,,287625193,0.927797486,1.299999952,17.31575109,,0,995.63,1.003710032,93.28764343,77.72704718,9632030,23.36210081,,,,,no
socialweather,1041292800000000000,50.832360637837226,70.26350722427372,100,87.12970622763721,92.15189873417721,52.39573194201213,97.02001201124263,92.9482128008093,66.91832063791823,55.29556650246305,98.04234186297748,24.605404193230026,66.21661489987048,65.9566977644781,65.74105621805792,86.04250578678486,92.70604914319081,92.85714285714286,74.6959580416646,99.8,99.69758064516128,88.82331471131558,16.442637514609636,11.740233543512609,97.70784290532913,65.83242831179398,71.39954766349933,37.11349216453282,38.41760871050566,27.242524916943516,0,99.26740973151075,60.456261755298435,7.051282051282051,89.01290711199823,54.51242205829878,64.9999976,84.43222622397253,0,0,40.807783411578455,96.85048684111948,95.61619452100786,98.4877597286951,97.971013608286,70.12620924305803,77.49225,58.78540388,0.13311148086522462,0,yes
socialweather,1072828800000000000,42.4946,1.168204218,99.3,19.56410453,0,9006.636666666665,13307.49201,7794.23553,9.037519102,2.0475,3042686,2.806775956,,39950,39960,21.6599668,,93,13.41306805,99.8,98.9,21.38254862,1.994056263,,77.03658537,123.9394896,,,,8.1,1658.0770000000007,,,,290107933,0.859481713,0,16.70044402,,0,963.6891666666666,1.006629944,95.00524139,77.44924716,9632030,0,,,,,no
socialweather,1072828800000000000,50.00117664777755,81.90197687101572,99.79899497487436,86.91070011879786,0,51.211814009709336,97.1025370680812,92.36623871694675,66.22317233423456,56.03448275862068,98.12109192344282,38.66568856183888,68.83842054713341,70.32212638619961,68.07495741056218,86.37526645255308,89.96530429093201,94.89795918367348,76.96711472617854,99.8,99.69758064516128,89.29015456489613,21.35823013135999,16.8038547878049,97.83484079903005,81.02466120060963,72.92920320653411,41.199235736332305,43.132828277635504,26.910299003322258,33.52662149263666,97.95420506042673,0,6.837606837606838,89.78125394107185,50.49855232141211,0,81.43196678033497,0,0,39.49862779287272,97.13223643982552,97.37666541097603,98.13575997294693,97.971013608286,0,83.65829999999998,61.69711712,0,0,yes
socialweather,1104451200000000000,41.7882,1.294525739,99.3,19.65837118,0,10315.512777777774,13388.58971,7881.578642,9.625368067,2.0515,3045128,3.78574285,,43680,42260,22.52672684,,93,14.66955244,99.8,98.9,21.66340561,2.749721159,,77.48780488,132.9842939,,,,8.1,1986.3453571428588,,,,292805298,0.925483969,0,16.76459528,,0,1130.5475000000004,1.013260007,95.50248718,77.04206865,9632030,0,,,,,no
socialweather,1104451200000000000,49.16999265771787,90.75828994696586,99.79899497487436,87.32946605499447,0,58.65409490153767,97.69429338207851,93.40130555605126,70.53068448179742,56.143951833607005,98.19984198390816,52.15177709513923,72.73273543407336,76.88787185354691,71.99318568994889,89.83171816814045,88.37662264736456,94.89795918367348,84.17709665099122,99.8,99.69758064516128,90.46296911069238,29.452116472699498,19.817627525205317,98.40788007269778,86.93764508006977,78.9354979555186,43.235416789720105,49.18859022560509,26.910299003322258,40.164267969813686,95.81665482082887,0,1.9230769230769231,90.61602191701948,54.37649216298644,0,81.74477063554869,0,0,46.337632972591734,97.77198777125116,97.88632294367027,97.61982503505202,97.971013608286,0,77.9922,64.75825648,0,0,yes
socialweather,1135987200000000000,41.0818,1.17902686,99.4,19.59188523,0,10546.65555555555,13704.57705,7846.499688,9.996398275,2.057,3047570,3.345216063,,46340,44740,23.22295273,,92,15.50426517,99.8,99,21.93348557,3.21763825,,77.48780488,129.8397757,,,,8,2099.8227490039835,,,,295516599,0.921713167,1.100000024,17.85015205,,0,1207.0608333333332,1.009989977,95.67317963,76.88748757,9632030,0,,,,,no
socialweather,1135987200000000000,48.33880866765819,82.66074469697409,99.89949748743719,87.0341118539523,0,59.96837473576839,100,92.98559948370668,73.24943916748914,56.29447181171319,98.2785920443735,46.08315180537294,76.87254638166827,81.57014610103856,76.21805792163543,92.60811654931969,87.28410101358376,93.87755102040816,88.96686064934146,99.8,99.79838709677419,91.59078047695414,34.46395144316267,25.114026502521675,98.40788007269778,84.88193609969204,83.27027935848606,43.905383388815075,53.72664681931711,26.578073089700993,42.4588016765713,92.55276640312393,0,4.273504273504273,91.45510274143693,54.15493998891395,55.00000120000001,87.03798456009724,0,0,49.473677019842775,97.45645441262369,98.0612760446639,97.42395571004877,97.971013608286,0,79.82535,67.96805292,0,0,yes
socialweather,1167523200000000000,40.3754,1.057632754,99.4,19.09406652,0,11409.77972111554,13583.26696,7697.652535,10.65479167,2.108,3055496,2.666625826,,48080,47390,23.33301482,,92,16.21883058,99.9,99,22.33654257,3.072266625,,77.68780488,141.2321787,,,,7.9,2263.409960159361,,,,298379912,0.964253917,0,18.573151,,0,1310.6699999999998,1.007449985,95.40374756,76.60582467,9632030,0,,,,,no
socialweather,1167523200000000000,47.50762467759851,74.14988922436562,99.89949748743719,84.82262435387315,0,64.87610620866491,99.114820621188,91.22167387311688,78.07387148887233,57.69020251778873,98.53419113497478,36.73500319064025,80.56653413841708,84.63298715014962,80.73253833049404,93.04702037765219,87.736578381961,93.87755102040816,93.0671930778218,99.9,99.79838709677419,93.27388301388939,32.90688373201968,23.879307637575142,98.66187586009967,92.32964785253928,87.95942623012645,43.4938818133903,59.99903815676756,26.245847176079735,45.766565133541256,91.27350023595142,0,1.282051282051282,92.34122753267377,56.65440711796864,0,90.56335349089392,0,0,53.72029517396374,97.2113642432225,97.78511868589592,97.06706130808537,97.971013608286,0,77.6589,68.93119327,0.033277870216306155,0.0343878954607978,yes
socialweather,1199059200000000000,39.669,1.086915319,99.3,19.21789784,0,13178.252509960157,13657.45283,7758.165986,11.49790694,2.12,3063422,1.77857024,,48640,48420,22.35135297,,92,16.46102419,99.9,99,22.15690316,2.661336394,,77.98780488,137.6072806,,,,7.8,2578.4666135458156,,,,301231207,0.951055243,0,18.65066359,,0,1476.6333333333332,1.007539988,96.07393646,76.75618153,9632030,26.7699063,,,,,no
socialweather,1199059200000000000,46.676440687538836,76.2028692807636,99.79899497487436,85.37272705350513,0,74.93165778639509,99.65614247102943,91.9387935751247,84.25186870167806,58.01860974274767,98.78979022557604,24.501294033885127,83.38492835094466,85.61872909698997,82.48722316865418,89.13236507633123,79.4631368021613,93.87755102040816,94.45695292227569,99.9,99.79838709677419,92.5237371369922,28.505431975374375,21.11625051587434,99.0428695412025,89.95989353624239,90.60298877978535,43.93751832989845,64.537179118002,25.91362126245847,52.13706853406155,91.85196970513101,58.449207473135964,1.9230769230769231,93.22363304916101,55.878923568428284,0,90.9413076726138,0,0,60.522617081630514,97.22004885739317,98.47203615826517,97.25757813380433,97.971013608286,80.3554468786173,,75,0,0,yes
socialweather,1230681600000000000,37.7398,1.152771009,99.3,18.46176387,77.1,11244.049090909095,13663.42797,7488.081921,12.51439847,2.072,3071348,-0.291621459,,49330,48640,20.78624354,,92,17.42701165,99.9,99,21.64892218,1.961612383,,78.03902439,78.74588585,,,,7.6,2164.243611111111,,,,304093966,0.945865287,0,17.77063171,,0,1220.888333333333,1.003810048,95.97541809,77.19830681,9831510,0,,,,,no
socialweather,1230681600000000000,44.40645179509385,80.81996543235854,99.79899497487436,82.01371143305923,97.59493670886076,63.93376041145341,99.69974206537077,88.73813981948518,91.70029486905213,56.70498084291188,99.0453893161773,-4.017329736468308,83.97462393693532,86.8333039957754,82.86201022146507,82.89104692049484,75.6616198835353,93.87755102040816,100,99.9,99.79838709677419,90.40248858864084,21.01072546549278,28.41805504786987,99.10791724006644,51.479627215909794,97.22925459106746,48.19762011484629,67.01049732674255,25.249169435215947,43.76140334108688,87.33364093172366,0,3.8461538461538463,94.10958639105424,55.57398948938078,0,86.65024051703551,0,0,50.04042332632569,96.86013763465851,98.37105867310788,97.81779404224844,100,0,74.7703,74,0.06655574043261231,0.0687757909215956,yes
socialweather,1262217600000000000,35.8106,1.05626864,99.3,17.15773779,0,8885.655198412696,12913.71469,7056.783653,11.01165643,2.002,3079274,-2.775529574,,48050,47250,17.512933,,90,13.75417087,99.9,99.1,20.215854,0.759434764,,78.3902439,104.5672977,,,,7.5,1845.3849603174601,,,,306771529,0.876651299,0.800000012,15.72761668,,0,946.7358333333335,1.013849974,95.41825104,78.72787736,9831510,0,,,,,no
socialweather,1262217600000000000,42.136462902648866,74.05425215033698,99.79899497487436,76.22076448717765,0,50.52391233451754,94.22921001418281,83.62700369497887,80.68882767704407,54.78927203065134,99.30098840677857,-38.23524349104026,81.54589961245759,84.5801795458546,80.49403747870528,69.83779191391511,62.72270765680942,91.83673469387756,78.92443722558708,99.9,99.89919354838709,84.41822162550862,8.134265196140587,-2.6318492817570127,99.55395862003323,68.36021268241359,76.4091422509022,52.95732221537982,69.6957256756601,24.916943521594686,37.314022854648954,94.12665294330228,0,2.1367521367521367,94.93822613613222,51.50734543922216,40.0000006,76.68842561825505,0,0,38.80376328018131,97.82891515998747,97.79998418698399,99.7559093094813,100,0,,71,0.5990016638935108,0.6189821182943603,yes
socialweather,1293753600000000000,33.8814,1.174091393,99.4,17.44161513,76.4,10668.589087301589,13393.99128,7160.939243,12.37830094,1.931,3087200,2.531920616,,48950,48880,18.39459751,,92,15.80415135,99.9,99.1,20.39070263,1.221349397,,78.54146341,115.4973405,,,,7.3,2349.893531746033,,,,309348193,0.836421536,0,16.49549343,,0,1139.3075000000001,1.004789948,94.31130981,78.43520598,9831510,0,,,,,no
socialweather,1293753600000000000,39.86647401020389,82.31472257357028,99.89949748743719,77.48184844476076,96.70886075949367,60.661689852213094,97.73370773233749,84.86130820792506,90.7030289068193,52.846195949644226,99.55658749737984,34.87932615080276,83.92682830911697,86.16440767470516,83.27086882453152,73.35367943471269,58.286763604691416,93.87755102040816,90.68767306413086,99.9,99.89919354838709,85.14836195983516,13.081808159554297,12.140043554494815,99.74600421259812,75.50565936479336,89.84357888538118,53.28650903258237,71.80963692554688,24.25249169435216,47.51527883617249,92.37134235063623,0,3.632478632478633,95.73564012792684,49.14365955620033,0,80.43262031885749,0,0,46.69667818284595,96.95469063206804,96.66541261802347,99.38506608825159,100,0,70.32629999999999,71.69,0.13311148086522462,0.1375515818431912,yes
socialweather,1325289600000000000,31.9522,1.366778271,99.3,16.97241709,0,11957.570238095243,13242.48711,7028.152876,13.57379201,1.8945,3089950,1.601454672,,50460,50710,18.54475592,,92,17.31137267,100,99.1,20.62965554,2.064627467,,78.64146341,100.7912207,,,,7.2,2677.4407142857144,,,,311663358,0.745614384,0,16.72937479,,886.7049375,1268.8899999999996,1.00869,94.67604828,78.00356619,9831510,0,,,,,no
socialweather,1325289600000000000,37.59648511775891,95.82386419636164,99.79899497487436,75.39750412487444,0,67.99084782755045,96.62820721636207,83.28771228238877,99.4630890803163,51.84729064039409,99.64526999790387,22.06137880762643,86.38489893865902,88.82239042422108,86.38841567291313,73.95247872159995,52.85060773602932,93.87755102040816,99.33643826995433,100,99.89919354838709,86.14619166885663,22.114114528228253,23.367792072363745,99.87300210629905,65.89162611182299,100,52.35409950530272,74.27017855066502,23.920265780730894,54.13834303040922,90.12757474540007,0,2.1367521367521367,96.45212662531773,43.8083165848829,0,81.57303425726843,886.7049375,62.19596038583452,52.007862652910994,97.33101638638277,97.03925531802676,98.83813631966773,100,0,,69.72946076,0,0,yes
socialweather,1356912000000000000,30.023,1.241406556,99.3,16.30402162,0,12965.287440000002,12959.20384,6869.385326,13.6066085,1.8805,3092700,2.224030854,,52540,52850,19.35060635,,91,17.10801903,100,99.1,20.54390932,1.842051483,,78.74146341,115.5557941,,,,7,2965.559320000002,,,,313998379,0.746419895,0.5,16.84558987,,970.01768,1379.5633333333335,0.998399973,94.98032379,78.21468412,9831510,32.0060991,,,,,no
socialweather,1356912000000000000,35.32649622531393,87.0341413516787,99.79899497487436,72.42825407998457,0,73.72073655608409,94.56113671162146,81.40622417911551,99.70355463819197,51.46414887794199,99.7339524984279,30.6378869210623,89.26399300793491,92.48371765534237,90.03407155025553,77.16603607627486,51.890844359995945,92.85714285714286,98.16955065844579,100,99.89919354838709,85.78812896205682,19.730115051285768,15.317792128361916,100,75.5438730378627,99.4808680189338,48.41117362872325,75.5048243634669,23.25581395348837,59.964154159065565,90.06837893782321,52.25222170640893,4.05982905982906,97.17475806524713,43.85564410653196,25,82.13970317472958,970.01768,68.0397487905486,56.54401907256901,96.33810599116391,97.35112584323699,99.105643355103,100,96.07296966974485,,74.7,0.23294509151414308,0.20632737276478677,yes
socialweather,1388448000000000000,27.0666,1.426344348,99.2,16.31587885,0,15009.52349206349,12998.062,6902.43283,13.63931151,1.8575,3095450,1.67733153,,53660,54000,19.76226007,,92,16.58694653,100,99.2,20.7208741,1.615007088,,78.74146341,143.9944226,,,,6.9,3541.2920238095235,,,,316204908,0.7002623,0,18.97311071,,1230.458809523808,1642.5116666666665,0.999539971,95.92958069,77.85278156,9831510,0,,,,,no
socialweather,1388448000000000000,31.847854735771975,100,99.69849246231156,72.48092810650029,0,85.34428043430773,94.84467818727758,81.79785638367414,99.94318866193628,50.83470169677066,99.82263499895193,23.106646048927708,91.58347140750085,94.45520154902306,91.9931856899489,78.8076221451503,52.01289322049148,93.87755102040816,95.1795228185321,100,100,86.5271060054184,17.298254662778064,10.843086096670799,100,94.13544741548142,96.94016192576885,43.771519011057634,76.34422403859122,22.92358803986711,71.60557517965394,90.72008443336392,0,4.273504273504273,97.85762439857605,41.143670493967086,0,92.51357144792478,1230.458809523808,86.3078168813556,67.32145510312473,96.44810724429267,98.32407712663944,98.64707746758205,100,0,,71.4,0.7653910149750416,0.7221458046767538,yes
socialweather,1419984000000000000,24.1102,1.251786208,98.5,16.49366613,0,16777.690912698425,12986.7407,6956.813731,13.64706459,1.8625,3098200,2.370457671,,55350,56160,20.18477094,,92,16.57643837,100,99.2,20.86735896,1.790351672,,78.74146341,151.3852312,,,,6.8,4375.103492063489,,,,318563456,0.74312426,0,19.08393229,,1402.043058823529,1930.6675000000002,1.006090045,97.56468964,77.88085483,9831510,33.31436429,,,,,no
socialweather,1419984000000000000,28.369213246230018,87.76185146000941,98.99497487437185,73.27072234182155,0,95.39809568575569,94.76206856015304,82.44230179003573,100,50.97153804050356,99.91131749947597,32.65503891038317,94.72639576282484,97.4300299243091,95.67291311754686,80.49250418178158,53.211688498375075,93.87755102040816,95.11922470081095,100,100,87.13880370447488,19.176361136928026,12.008131669894047,100,98.96714201698599,95.99135178232588,40.049757848194915,86.66717716567399,22.591362126245844,88.46539622075777,91.04734094808586,0,5.555555555555555,98.58753686505179,43.66201020605154,0,93.05394146505105,1402.043058823529,98.34321526581378,79.13206831832473,97.08014023740853,100,98.6826490423539,100,100,,73,0.632279534109817,0.6533700137551582,yes
socialweather,1451520000000000000,21.1538,1.052210839,0,0,0,17587.029166666664,0,6800.654493,12.49904391,1.843,3100950,2.861587025,,56250,57900,20.42799748,,92,15.39099398,100,99.2,20.02727417,1.284972955,,78.74146341,138.336379,,,,6.6,4945.55349206349,,,,320896618,0.729731987,0,19.15352784,,1425.6632295719837,2061.1991666666668,0,0,78.92051499,9831510,0,,,,,no
socialweather,1451520000000000000,24.890571756688065,73.76976257349041,0,0,0,100,0,80.59172370582887,91.58778305452425,50.43787629994527,100,39.420756923873626,97.97156928941048,99.01425805315965,98.63713798977854,81.46243905725113,55.43638483553739,93.87755102040816,88.31688581558961,100,100,83.63074196310896,13.763276691187162,0.878110031054275,100,90.4365370260015,87.22052101869805,37.56525476741721,92.47298932639642,21.926910299003318,100,92.23726816962463,0,8.333333333333332,99.30959299030658,42.87515181387871,0,93.39329187446964,1425.6632295719837,100,84.48215618398335,0,0,100,100,0,,74.55,1.464226289517471,1.4786795048143053,yes
socialweather,1483142400000000000,0,0,0,0,0,16825.316249999996,0,0,11.89062242,0,0,1.485279193,,56810,58700,19.68878586,,92,14.68929997,0,0,0,1.275800039,,0,146.8615933,,,,6.5,0,,,,323127513,0.692801346,0,18.69559276,,0,2091.8441666666668,0,0,0,9831510,0,,,,,no
socialweather,1483142400000000000,0,0,0,0,0,95.66889376569426,0,0,87.12952402022741,0,0,20.460964324976345,100,100,100,78.51462287489561,58.268495790209016,93.87755102040816,84.29041229223027,0,0,0,13.665026077832412,9.338578891411588,0,96.00984221347174,82.26721845393351,37.47986639400433,100,21.59468438538206,0,95.27302468897568,0,13.034188034188036,100,40.70530470882252,0,91.16038392439049,0,0,85.73819961643096,0,0,0,100,0,,,2.262895174708819,2.02888583218707,yes
socialweather,1514678400000000000,0,0,0,0,0,0,0,0,0,0,0,0,,0,0,0,,0,0,0,0,0,0,,0,0,,,,0,0,,,,0,0,0,0,,0,2439.8041666666663,0,0,0,9831510,0,,,,,no
socialweather,1514678400000000000,0,0,0,0,0,0,0,0,0,0,0,0,0,0,0,0,0,0,0,0,0,0,0,0,0,0,0,0,0,0,0,0,0,,0,0,0,0,0,0,100,0,0,0,100,0,,,,,yes
